Date,Fish,Latitude,Longitude
Tagging,34-11,65.3581,-146.6131
Tagging,34-12,65.3564,-146.6167
Tagging,34-13,65.3531,-146.6259
Tagging,34-14,65.3511,-146.6390
Tagging,34-15,65.3511,-146.6390
Tagging,34-16,65.3678,-147.0860
Tagging,34-17,65.3653,-147.0797
Tagging,34-18,65.3659,-147.0778
Tagging,34-19,65.3674,-147.0791
Tagging,34-20,65.4570,-147.7180
Tagging,34-21,65.3356,-146.7325
Tagging,34-22,65.3408,-146.7120
Tagging,34-23,65.3293,-146.7898
Tagging,34-24,65.3338,-146.8391
Tagging,34-25,65.3397,-146.7151
Tagging,34-26,65.3491,-147.0034
Tagging,34-27,65.3293,-146.7898
Tagging,34-28,65.3303,-146.7638
Tagging,34-29,65.3332,-146.8126
Tagging,34-30,65.3397,-146.7151
Tagging,34-31,65.3338,-146.8391
Tagging,34-32,65.3338,-146.8391
Tagging,34-33,65.3386,-146.9590
Tagging,34-34,65.3342,-146.8337
Tagging,34-35,65.3336,-146.8146
Tagging,34-36,65.3336,-146.8146
Tagging,34-37,65.3364,-146.8654
Tagging,34-38,65.3354,-146.8769
Tagging,34-39,65.3360,-146.8983
Tagging,34-40,65.3372,-146.9030
Tagging,34-41,65.3372,-146.9030
Tagging,34-42,65.3384,-146.9138
Tagging,34-43,65.3491,-147.0034
Tagging,34-44,65.3546,-147.0186
Tagging,34-45,65.3405,-146.9864
Tagging,34-46,65.3546,-147.0186
Tagging,34-47,65.3386,-146.9590
Tagging,34-48,65.3405,-146.9864
Tagging,34-49,65.4782,-146.5787
Tagging,34-50,65.3674,-147.0791
Tagging,34-51,65.3812,-147.1019
Tagging,34-52,65.3833,-147.1038
Tagging,34-53,65.3833,-147.1038
Tagging,34-54,65.3831,-147.1100
Tagging,34-55,65.3831,-147.1100
Tagging,34-56,65.3831,-147.1100
Tagging,34-57,65.3956,-147.1921
Tagging,34-58,65.3956,-147.1921
Tagging,34-59,65.3947,-147.2998
Tagging,34-60,65.3947,-147.2998
Tagging,34-61,65.3844,-147.3306
Tagging,34-62,65.3844,-147.3306
Tagging,34-63,65.3844,-147.3306
Tagging,34-64,65.3843,-147.4042
Tagging,34-65,65.3843,-147.4042
Tagging,34-66,65.3806,-147.4454
Tagging,34-67,65.3806,-147.4454
Tagging,34-68,65.3806,-147.4454
Tagging,34-69,65.3771,-147.4479
Tagging,34-70,65.3771,-147.4479
Tagging,34-71,65.3820,-147.5104
Tagging,34-72,65.3760,-147.6347
Tagging,34-73,65.3760,-147.6347
Tagging,34-74,65.3774,-147.7458
Tagging,34-75,65.3774,-147.7458
Tagging,34-76,65.3774,-147.7458
Tagging,34-77,65.3774,-147.7458
Tagging,34-78,65.3893,-147.7737
Tagging,34-79,65.3893,-147.7737
Tagging,34-80,65.3893,-147.7737
Tagging,34-81,65.4180,-147.8126
Tagging,34-82,65.4180,-147.8126
Tagging,34-83,65.4180,-147.8126
Tagging,34-84,65.4527,-147.7571
Tagging,34-85,65.4527,-147.7571
Tagging,34-86,65.4527,-147.7571
Tagging,34-87,65.4570,-147.7180
Tagging,34-88,65.4570,-147.7180
Tagging,34-89,65.4570,-147.7180
Tagging,34-91,65.4787,-147.6561
Tagging,34-92,65.4787,-147.6561
Tagging,34-93,65.4787,-147.6561
Tagging,34-94,65.4787,-147.6561
Tagging,34-95,65.5014,-147.6550
Tagging,34-96,65.5014,-147.6550
Tagging,34-97,65.5254,-147.6551
Tagging,34-98,65.5254,-147.6551
Tagging,34-99,65.5421,-147.6672
Tagging,34-100,65.5421,-147.6672
Tagging,34-101,65.5624,-147.6849
Tagging,34-102,65.5624,-147.6849
Tagging,34-103,65.5624,-147.6849
Tagging,34-104,65.5624,-147.6849
Tagging,34-105,65.5841,-147.6661
Tagging,34-106,65.5841,-147.6661
Tagging,34-107,65.5841,-147.6661
Tagging,34-108,65.6113,-147.6503
Tagging,34-109,65.6113,-147.6503
Tagging,34-110,65.6113,-147.6503
Tagging,34-111,65.6504,-147.5846
Tagging,34-112,65.6504,-147.5846
Tagging,34-113,65.6504,-147.5846
Tagging,34-114,65.6677,-147.5472
Tagging,34-115,65.6677,-147.5472
Tagging,34-116,65.6677,-147.5472
Tagging,34-117,65.6677,-147.5472
Tagging,34-118,65.6941,-147.4814
Tagging,34-119,65.6941,-147.4814
Tagging,34-120,65.6941,-147.4814
Tagging,34-121,65.6941,-147.4814
Tagging,34-122,65.7241,-147.4338
Tagging,34-123,65.7241,-147.4338
Tagging,34-124,65.7280,-147.3431
Tagging,34-125,65.7280,-147.3431
Tagging,34-126,65.7575,-147.1752
Tagging,34-127,65.7575,-147.1752
Tagging,34-128,65.7575,-147.1752
Tagging,34-129,65.7581,-147.1157
Tagging,34-130,65.7581,-147.1157
Tagging,34-131,65.7581,-147.1157
Tagging,34-132,65.7397,-147.0796
Tagging,34-133,65.7397,-147.0796
Tagging,34-134,65.7397,-147.0796
Tagging,34-135,65.7276,-146.9742
Tagging,34-136,65.7276,-146.9742
Tagging,34-137,65.7345,-146.9490
Tagging,34-138,65.7324,-146.9258
Tagging,34-139,65.7324,-146.9258
Tagging,34-140,65.7370,-146.8903
Tagging,34-141,65.5347,-146.5772
Tagging,34-142,65.5347,-146.5772
Tagging,34-143,65.5347,-146.5772
Tagging,34-144,65.5347,-146.5772
Tagging,34-145,65.5347,-146.5772
Tagging,34-146,65.5347,-146.5772
Tagging,34-147,65.5333,-146.5882
Tagging,34-148,65.5333,-146.5882
Tagging,34-149,65.5333,-146.5882
Tagging,34-150,65.5333,-146.5882
Tagging,34-151,65.5333,-146.6049
Tagging,34-152,65.5335,-146.6059
Tagging,34-153,65.5335,-146.6059
Tagging,34-154,65.5335,-146.6059
Tagging,34-155,65.5335,-146.6059
Tagging,34-156,65.4782,-146.5787
Tagging,34-157,65.4763,-146.5825
Tagging,34-158,65.4763,-146.5825
Tagging,34-159,65.4023,-146.6794
Tagging,34-160,65.4023,-146.6794
12/22/2021,34-11,65.4240,-147.7994
12/22/2021,34-12,65.3939,-147.3112
12/22/2021,34-15,65.4048,-147.0356
12/22/2021,34-16,65.3955,-147.1944
12/22/2021,34-17,65.3823,-147.7028
12/22/2021,34-19rc,65.3937,-147.3121
12/22/2021,34-21,65.4108,-147.0061
12/22/2021,34-22,65.3956,-147.1924
12/22/2021,34-23rc,65.3452,-146.9794
12/22/2021,34-24rc,65.3936,-147.2385
12/22/2021,34-25,65.4978,-147.6457
12/22/2021,34-26,65.3921,-147.2436
12/22/2021,34-29,65.7189,-147.4260
12/22/2021,34-30,65.3820,-147.4298
12/22/2021,34-31,65.3928,-147.2172
12/22/2021,34-32,65.3927,-147.1518
12/22/2021,34-33,65.3934,-147.2065
12/22/2021,34-34,65.3825,-147.5946
12/22/2021,34-37,65.6997,-147.4696
12/22/2021,34-38,65.3765,-147.6617
12/22/2021,34-40,65.3884,-147.1355
12/22/2021,34-41,65.3878,-147.3290
12/22/2021,34-44rc,65.3976,-147.0560
12/22/2021,34-46,65.3944,-147.2288
12/22/2021,34-47,65.3927,-147.1518
12/22/2021,34-49,65.3814,-147.5760
12/22/2021,34-50,65.3894,-147.1388
12/22/2021,34-51,65.3886,-147.1147
12/22/2021,34-52,65.3928,-147.1538
12/22/2021,34-54,65.3939,-147.2893
12/22/2021,34-59,65.3814,-147.4383
12/22/2021,34-61rc,65.3888,-147.3268
12/22/2021,34-62,65.3939,-147.2893
12/22/2021,34-63,65.3837,-147.3581
12/22/2021,34-65,65.3935,-147.3131
12/22/2021,34-67,65.3817,-147.4362
12/22/2021,34-68,65.3939,-147.2239
12/22/2021,34-70,65.3799,-147.4473
12/22/2021,34-79,65.3920,-147.7836
12/22/2021,34-80rc,65.3984,-147.8121
12/22/2021,34-81,65.5496,-147.6833
12/22/2021,34-83,65.3978,-147.8339
12/22/2021,34-85,65.8019,-146.6378
12/22/2021,34-86,65.5531,-147.6868
12/22/2021,34-87,65.5309,-147.6663
12/22/2021,34-89,65.4011,-147.8417
12/22/2021,34-90,65.4150,-147.8179
12/22/2021,34-91,65.7204,-147.3690
12/22/2021,34-92,65.5381,-147.6712
12/22/2021,34-94,65.4893,-147.6375
12/22/2021,34-95,65.5127,-147.6602
12/22/2021,34-96,65.5091,-147.6577
12/22/2021,34-97,65.5600,-147.6889
12/22/2021,34-98,65.6034,-147.6543
12/22/2021,34-99,65.5488,-147.6823
12/22/2021,34-100,65.5368,-147.6702
12/22/2021,34-102,65.5572,-147.6888
12/22/2021,34-103,65.5833,-147.6709
12/22/2021,34-104,65.5213,-147.6617
12/22/2021,34-105,65.5793,-147.6767
12/22/2021,34-106,65.5963,-147.6591
12/22/2021,34-107,65.7069,-147.4573
12/22/2021,34-108,65.6610,-147.5523
12/22/2021,34-109,65.6412,-147.5981
12/22/2021,34-110,65.6663,-147.5430
12/22/2021,34-111,65.6419,-147.5965
12/22/2021,34-112,65.6591,-147.5558
12/22/2021,34-113,65.6567,-147.5613
12/22/2021,34-114,65.7612,-146.8004
12/22/2021,34-116,65.7008,-147.4677
12/22/2021,34-117,65.6633,-147.5485
12/22/2021,34-119,65.6864,-147.4946
12/22/2021,34-120,65.6896,-147.4873
12/22/2021,34-121,65.6823,-147.5044
12/22/2021,34-125,65.7286,-147.3372
12/22/2021,34-127,65.7516,-147.1695
12/22/2021,34-128,65.7465,-147.1709
12/22/2021,34-129,65.7325,-147.0532
12/22/2021,34-130,65.7329,-147.0564
12/22/2021,34-133,65.7589,-146.8050
12/22/2021,34-134,65.7273,-147.0096
12/22/2021,34-139,65.7906,-146.6960
12/22/2021,34-145,65.3941,-147.2249
12/22/2021,34-146,65.3899,-147.1102
12/22/2021,34-148,65.3944,-147.2278
12/22/2021,34-149,65.3788,-147.6508
12/22/2021,34-152,65.3826,-147.3827
12/22/2021,34-156,65.3943,-147.3072
12/22/2021,34-159,65.3820,-147.4309
12/22/2021,34-160,65.4060,-147.0067
3/15/2022,34-11,65.4238,-147.7955
3/15/2022,34-12,65.3873,-147.2601
3/15/2022,34-13,65.3897,-147.1484
3/15/2022,34-14,65.3932,-147.1759
3/15/2022,34-18,65.3778,-147.4553
3/15/2022,34-21,65.4054,-147.0327
3/15/2022,34-22,65.3913,-147.2305
3/15/2022,34-23,65.3416,-146.9871
3/15/2022,34-24,65.3960,-147.2091
3/15/2022,34-26,65.3959,-147.2091
3/15/2022,34-27,65.3890,-147.3232
3/15/2022,34-28,65.3803,-147.7016
3/15/2022,34-29,65.7261,-147.4162
3/15/2022,34-30,65.3813,-147.4351
3/15/2022,34-31,65.3872,-147.2643
3/15/2022,34-33,65.3959,-147.1963
3/15/2022,34-34,65.3826,-147.6114
3/15/2022,34-35,65.3829,-147.1156
3/15/2022,34-36,65.3836,-147.4024
3/15/2022,34-37,65.7071,-147.4600
3/15/2022,34-38,65.3806,-147.7064
3/15/2022,34-39,65.3872,-147.2621
3/15/2022,34-40,65.3914,-147.2284
3/15/2022,34-41,65.3890,-147.3232
3/15/2022,34-42,65.3956,-147.2005
3/15/2022,34-43,65.3470,-147.0000
3/15/2022,34-44,65.4041,-147.0455
3/15/2022,34-45,65.3960,-147.2091
3/15/2022,34-46,65.3913,-147.2326
3/15/2022,34-47,65.3897,-147.1484
3/15/2022,34-48,65.3783,-147.6257
3/15/2022,34-49,65.3806,-147.6189
3/15/2022,34-50,65.3899,-147.1492
3/15/2022,34-51,65.3805,-147.1146
3/15/2022,34-52,65.3960,-147.1942
3/15/2022,34-53,65.3802,-147.1155
3/15/2022,34-54,65.3925,-147.3152
3/15/2022,34-55,65.3805,-147.4474
3/15/2022,34-56,65.3931,-147.1666
3/15/2022,34-57,65.3810,-147.4235
3/15/2022,34-59,65.3814,-147.4364
3/15/2022,34-61,65.3870,-147.3275
3/15/2022,34-63,65.3846,-147.3676
3/15/2022,34-64,65.3832,-147.4120
3/15/2022,34-65,65.3924,-147.2907
3/15/2022,34-66,65.3814,-147.4416
3/15/2022,34-67,65.3780,-147.4542
3/15/2022,34-68,65.3955,-147.2153
3/15/2022,34-69,65.3877,-147.3256
3/15/2022,34-70,65.3778,-147.4553
3/15/2022,34-71,65.3824,-147.4153
3/15/2022,34-72,65.4647,-147.6929
3/15/2022,34-75,65.3795,-147.6216
3/15/2022,34-78,65.3959,-147.8067
3/15/2022,34-79,65.3918,-147.7788
3/15/2022,34-81,65.5476,-147.6793
3/15/2022,34-83,65.3987,-147.8374
3/15/2022,34-84,65.4607,-147.7039
3/15/2022,34-85,65.8038,-146.6431
3/15/2022,34-86,65.5437,-147.6709
3/15/2022,34-87,65.5216,-147.6601
3/15/2022,34-88,65.4598,-147.7064
3/15/2022,34-89,65.3964,-147.8271
3/15/2022,34-90,65.4168,-147.8143
3/15/2022,34-91,65.7258,-147.4088
3/15/2022,34-92,65.5216,-147.6601
3/15/2022,34-93,65.3928,-147.2910
3/15/2022,34-94,65.4845,-147.6465
3/15/2022,34-95,65.5096,-147.6468
3/15/2022,34-96,65.5046,-147.6468
3/15/2022,34-97,65.5481,-147.6810
3/15/2022,34-98,65.6034,-147.6583
3/15/2022,34-99,65.6067,-147.6458
3/15/2022,34-100,65.5400,-147.6696
3/15/2022,34-102,65.5599,-147.6873
3/15/2022,34-103,65.5779,-147.6857
3/15/2022,34-104,65.5261,-147.6582
3/15/2022,34-105,65.5797,-147.6838
3/15/2022,34-106,65.6018,-147.6604
3/15/2022,34-107,65.7084,-147.4562
3/15/2022,34-108,65.6565,-147.5648
3/15/2022,34-109,65.6371,-147.6137
3/15/2022,34-110,65.6671,-147.5451
3/15/2022,34-111,65.6367,-147.6150
3/15/2022,34-112,65.6567,-147.5615
3/15/2022,34-113,65.6564,-147.5690
3/15/2022,34-114,65.7485,-146.8466
3/15/2022,34-116,65.6819,-147.5036
3/15/2022,34-117,65.6685,-147.5424
3/15/2022,34-118,65.6506,-147.5825
3/15/2022,34-119,65.6829,-147.5023
3/15/2022,34-120,65.6927,-147.4823
3/15/2022,34-121,65.6779,-147.5115
3/15/2022,34-122,65.7164,-147.4399
3/15/2022,34-124,65.7280,-146.9916
3/15/2022,34-125,65.7306,-147.3240
3/15/2022,34-126,66.1028,-146.0993
3/15/2022,34-127,65.7518,-147.1736
3/15/2022,34-128,65.7551,-147.1710
3/15/2022,34-129,65.7364,-147.0675
3/15/2022,34-130,65.72872,-147.05138
3/15/2022,34-131,65.9448,-146.3072
3/15/2022,34-133,65.7605,-146.8071
3/15/2022,34-134,65.7276,-147.0110
3/15/2022,34-135,66.2191,-146.0655
3/15/2022,34-136,66.0451,-146.1700
3/15/2022,34-139,65.7925,-146.6888
3/15/2022,34-141,65.3937,-147.2200
3/15/2022,34-144,65.4488,-147.7507
3/15/2022,34-145,65.3960,-147.1942
3/15/2022,34-146,65.3904,-147.1508
3/15/2022,34-148,65.3918,-147.2254
3/15/2022,34-149,65.3809,-147.6881
3/15/2022,34-150,65.3826,-147.5821
3/15/2022,34-151,65.3913,-147.2305
3/15/2022,34-152,65.3808,-147.4273
3/15/2022,34-154,65.3804,-147.6979
3/15/2022,34-155,65.3931,-147.2214
3/15/2022,34-156,65.3936,-147.2910
3/15/2022,34-158,65.3784,-147.4532
3/15/2022,34-160u,65.4037,-147.0396
4/22/2022,34-11,65.4242,-147.7930
4/22/2022,34-12,65.3935,-147.2301
4/22/2022,34-13,65.3921,-147.1425
4/22/2022,34-14,65.3955,-147.1743
4/22/2022,34-15,65.4040,-147.0503
4/22/2022,34-18,65.3800,-147.4627
4/22/2022,34-22,65.3936,-147.2386
4/22/2022,34-23,65.3473,-146.9772
4/22/2022,34-24,65.3949,-147.2090
4/22/2022,34-26,65.3938,-147.2245
4/22/2022,34-27,65.3895,-147.2693
4/22/2022,34-28,65.3804,-147.6976
4/22/2022,34-29,65.7217,-147.4191
4/22/2022,34-31,65.3899,-147.2669
4/22/2022,34-33,65.3958,-147.1802
4/22/2022,34-34,65.3816,-147.6109
4/22/2022,34-35,65.3806,-147.1109
4/22/2022,34-36,65.3842,-147.4017
4/22/2022,34-37,65.7048,-147.4599
4/22/2022,34-38,65.3805,-147.7123
4/22/2022,34-39,65.3899,-147.2813
4/22/2022,34-40,65.3948,-147.2104
4/22/2022,34-41,65.3895,-147.3237
4/22/2022,34-42,65.3958,-147.1935
4/22/2022,34-43,65.3500,-146.9921
4/22/2022,34-44,65.4052,-147.0425
4/22/2022,34-45,65.3954,-147.2020
4/22/2022,34-46,65.3924,-147.2604
4/22/2022,34-47,65.3911,-147.1428
4/22/2022,34-48,65.3777,-147.6331
4/22/2022,34-49,65.3805,-147.6208
4/22/2022,34-51,65.3797,-147.1087
4/22/2022,34-52,65.3941,-147.1582
4/22/2022,34-53,65.3835,-147.1163
4/22/2022,34-54,65.3910,-147.3197
4/22/2022,34-55,65.3815,-147.4187
4/22/2022,34-56,65.3899,-147.1536
4/22/2022,34-57,65.3805,-147.4365
4/22/2022,34-58,65.3808,-147.4288
4/22/2022,34-59,65.3807,-147.4340
4/22/2022,34-61,65.3872,-147.3308
4/22/2022,34-62,65.3928,-147.2968
4/22/2022,34-63,65.3833,-147.3732
4/22/2022,34-64,65.3815,-147.4187
4/22/2022,34-65,65.3892,-147.2759
4/22/2022,34-66,65.3806,-147.4352
4/22/2022,34-67,65.3793,-147.4436
4/22/2022,34-68,65.3959,-147.1847
4/22/2022,34-69,65.3918,-147.3177
4/22/2022,34-70,65.3798,-147.4601
4/22/2022,34-71,65.3840,-147.3990
4/22/2022,34-72,65.4623,-147.6928
4/22/2022,34-75,65.3798,-147.6243
4/22/2022,34-76,65.3818,-147.7258
4/22/2022,34-78,65.3950,-147.8096
4/22/2022,34-79,65.3918,-147.7826
4/22/2022,34-81,65.5484,-147.6857
4/22/2022,34-83,65.4005,-147.8306
4/22/2022,34-84,65.4603,-147.7009
4/22/2022,34-85,65.8060,-146.6411
4/22/2022,34-86,65.5474,-147.6847
4/22/2022,34-87,65.4637,-147.6894
4/22/2022,34-88,65.4590,-147.7045
4/22/2022,34-89,65.3983,-147.8268
4/22/2022,34-90,65.4172,-147.8127
4/22/2022,34-91,65.7238,-147.4006
4/22/2022,34-92,65.5341,-147.6645
4/22/2022,34-93,65.3895,-147.2786
4/22/2022,34-94,65.4832,-147.6498
4/22/2022,34-95,65.5261,-147.6591
4/22/2022,34-96,65.5366,-147.6673
4/22/2022,34-97,65.5484,-147.6856
4/22/2022,34-98,65.6049,-147.6526
4/22/2022,34-99,65.6058,-147.6514
4/22/2022,34-102,65.5603,-147.6877
4/22/2022,34-103,65.5744,-147.6847
4/22/2022,34-104,65.5266,-147.6593
4/22/2022,34-105,65.5837,-147.6791
4/22/2022,34-106,65.5849,-147.6767
4/22/2022,34-107,65.7066,-147.4556
4/22/2022,34-108,65.6566,-147.5614
4/22/2022,34-109,65.6344,-147.6076
4/22/2022,34-110,65.6647,-147.5454
4/22/2022,34-111,65.6340,-147.6083
4/22/2022,34-112,65.6583,-147.5570
4/22/2022,34-113,65.6442,-147.5870
4/22/2022,34-114,65.7476,-146.8501
4/22/2022,34-116,65.6816,-147.5077
4/22/2022,34-117,65.6713,-147.5306
4/22/2022,34-119,65.6811,-147.5096
4/22/2022,34-120,65.6946,-147.4820
4/22/2022,34-121,65.6759,-147.5224
4/22/2022,34-125,65.7290,-147.3264
4/22/2022,34-126,66.0846,-146.1293
4/22/2022,34-127,65.7510,-147.1689
4/22/2022,34-128,65.7480,-147.1760
4/22/2022,34-129,65.7350,-147.0706
4/22/2022,34-130,65.7320,-147.0549
4/22/2022,34-131,65.9752,-146.2734
4/22/2022,34-133,65.7602,-146.8130
4/22/2022,34-134,65.7281,-147.0126
4/22/2022,34-135,66.2324,-146.0705
4/22/2022,34-139,65.7923,-146.6849
4/22/2022,34-141,65.3949,-147.2090
4/22/2022,34-146,65.3928,-147.1360
4/22/2022,34-148,65.3950,-147.2076
4/22/2022,34-149,65.3798,-147.6898
4/22/2022,34-150,65.3837,-147.5534
4/22/2022,34-151,65.3937,-147.2386
4/22/2022,34-152,65.3791,-147.4448
4/22/2022,34-154,65.3810,-147.7163
4/22/2022,34-155,65.3946,-147.2118
4/22/2022,34-156,65.3901,-147.2658
4/22/2022,34-158,65.3794,-147.4563
4/22/2022,34-159,65.3842,-147.4031
4/22/2022,34-160,65.4085,-147.0405
5/18/2022,34-11,65.4490,-147.7579
5/18/2022,34-13,65.3646,-147.0723
5/18/2022,34-14,65.3936,-147.2106
5/18/2022,34-15,65.4027,-147.0434
5/18/2022,34-17u,65.5582,-147.6892
5/18/2022,34-18,65.3778,-147.4610
5/18/2022,34-22,65.3404,-146.9394
5/18/2022,34-23,65.3397,-146.9307
5/18/2022,34-24,65.3811,-147.7502
5/18/2022,34-26,65.3786,-147.5955
5/18/2022,34-27,65.4030,-147.2671
5/18/2022,34-28,65.3776,-147.6274
5/18/2022,34-29,65.7533,-146.8296
5/18/2022,34-30,65.3774,-147.4697
5/18/2022,34-31,65.3809,-147.3803
5/18/2022,34-33,65.3744,-147.7445
5/18/2022,34-34,65.3761,-147.6506
5/18/2022,34-35,65.3812,-147.1167
5/18/2022,34-37,65.7015,-147.4676
5/18/2022,34-38,65.3804,-147.6994
5/18/2022,34-39,65.3795,-147.7288
5/18/2022,34-40,65.3564,-147.0242
5/18/2022,34-41,65.3923,-147.1710
5/18/2022,34-42,65.3879,-147.2672
5/18/2022,34-43,65.3561,-147.0232
5/18/2022,34-44,65.4025,-147.0395
5/18/2022,34-45,65.3843,-147.3263
5/18/2022,34-46,65.3783,-147.7406
5/18/2022,34-47,65.4041,-147.0371
5/18/2022,34-48,65.3667,-147.7090
5/18/2022,34-49,65.3596,-147.6884
5/18/2022,34-50,65.3829,-147.3415
5/18/2022,34-51,65.3776,-147.1090
5/18/2022,34-52,65.3862,-147.1284
5/18/2022,34-53,65.3812,-147.1167
5/18/2022,34-54,65.3867,-147.7607
5/18/2022,34-55,65.3788,-147.7384
5/18/2022,34-56,65.3932,-147.1780
5/18/2022,34-57,65.3808,-147.3792
5/18/2022,34-58,65.3846,-147.3960
5/18/2022,34-59,65.3759,-147.7446
5/18/2022,34-61,65.3813,-147.3312
5/18/2022,34-63,65.3826,-147.3294
5/18/2022,34-64,65.3845,-147.4007
5/18/2022,34-65,65.3923,-147.2847
5/18/2022,34-66,65.3823,-147.6012
5/18/2022,34-67,65.3785,-147.4457
5/18/2022,34-68,65.4045,-147.0345
5/18/2022,34-69,65.3871,-147.3209
5/18/2022,34-70,65.3787,-147.4445
5/18/2022,34-71,65.3772,-147.4734
5/18/2022,34-75,65.3799,-147.7191
5/18/2022,34-76,65.3795,-147.7288
5/18/2022,34-79,65.3797,-147.6885
5/18/2022,34-80,65.4182,-147.8137
5/18/2022,34-81,65.5602,-147.6882
5/18/2022,34-83,65.4138,-147.8201
5/18/2022,34-84,65.4487,-147.7588
5/18/2022,34-85,65.8666,-146.4654
5/18/2022,34-86,65.5486,-147.6865
5/18/2022,34-87,65.4570,-147.7163
5/18/2022,34-88,65.4604,-147.7028
5/18/2022,34-89,65.4572,-147.7153
5/18/2022,34-90,65.4169,-147.8164
5/18/2022,34-91,65.7234,-147.4105
5/18/2022,34-92,65.5766,-147.6830
5/18/2022,34-93,65.3928,-147.2850
5/18/2022,34-94,65.5567,-147.6898
5/18/2022,34-95,65.5660,-147.6842
5/18/2022,34-97,65.5383,-147.6699
5/18/2022,34-99,65.7297,-146.9792
5/18/2022,34-100,65.5547,-147.6903
5/18/2022,34-102,65.5616,-147.6874
5/18/2022,34-103,65.5834,-147.6746
5/18/2022,34-104,65.5517,-147.6898
5/18/2022,34-105,65.5844,-147.6695
5/18/2022,34-106,65.5842,-147.6705
5/18/2022,34-107,65.6595,-147.5535
5/18/2022,34-109,65.6306,-147.6179
5/18/2022,34-110,65.6441,-147.5928
5/18/2022,34-111,65.6453,-147.5907
5/18/2022,34-112,65.6466,-147.5891
5/18/2022,34-113,65.6518,-147.5841
5/18/2022,34-114,65.8602,-146.4712
5/18/2022,34-115,65.6242,-147.6235
5/18/2022,34-116,65.7206,-147.3963
5/18/2022,34-117,65.6664,-147.5434
5/18/2022,34-119,65.6918,-147.4818
5/18/2022,34-120,65.7053,-147.4624
5/18/2022,34-122,65.7240,-147.4164
5/18/2022,34-124,65.7290,-146.9927
5/18/2022,34-125,65.7355,-146.8782
5/18/2022,34-127,65.7988,-146.6572
5/18/2022,34-129,65.7342,-146.9524
5/18/2022,34-133,65.7736,-146.7596
5/18/2022,34-134,65.7385,-147.0816
5/18/2022,34-141,65.4113,-147.8220
5/18/2022,34-148,65.3771,-147.7400
5/18/2022,34-149,65.3990,-147.8029
5/18/2022,34-150,65.3734,-147.7437
5/18/2022,34-151,65.3824,-147.6062
5/18/2022,34-152u,65.3760,-147.7346
5/18/2022,34-154,65.4235,-147.7972
5/18/2022,34-155,65.3937,-147.2080
5/18/2022,34-156,65.3943,-147.2845
5/18/2022,34-158,65.3571,-147.6841
5/25/2022,34-11,65.4505,-147.7534
5/25/2022,34-13,65.3667,-147.0671
5/25/2022,34-14,65.3881,-147.2647
5/25/2022,34-18,65.3779,-147.4610
5/25/2022,34-22,65.3347,-146.8457
5/25/2022,34-23,65.3384,-146.9346
5/25/2022,34-24,65.3990,-147.7902
5/25/2022,34-26,65.3466,-147.7104
5/25/2022,34-27,65.4211,-147.2375
5/25/2022,34-29,65.7324,-146.9277
5/25/2022,34-30,65.3799,-147.4395
5/25/2022,34-31,65.3783,-147.5949
5/25/2022,34-33,65.3313,-147.7656
5/25/2022,34-34,65.3790,-147.6873
5/25/2022,34-35,65.3819,-147.1093
5/25/2022,34-36,65.3826,-147.3830
5/25/2022,34-37,65.6836,-147.5004
5/25/2022,34-38,65.3833,-147.6041
5/25/2022,34-39,65.3798,-147.7294
5/25/2022,34-40,65.3427,-146.9870
5/25/2022,34-41,65.3822,-147.1101
5/25/2022,34-42,65.3826,-147.3336
5/25/2022,34-43,65.3546,-147.0183
5/25/2022,34-44,65.4035,-147.0373
5/25/2022,34-45,65.3791,-147.6220
5/25/2022,34-46,65.3612,-147.7016
5/25/2022,34-48,65.3434,-147.7268
5/25/2022,34-49,65.3521,-147.6878
5/25/2022,34-50,65.3838,-147.3921
5/25/2022,34-51,65.3801,-147.1164
5/25/2022,34-52,65.3850,-147.1093
5/25/2022,34-54,65.3631,-147.6989
5/25/2022,34-55,65.3655,-147.7127
5/25/2022,34-56,65.3922,-147.1632
5/25/2022,34-57,65.3835,-147.3595
5/25/2022,34-58,65.3852,-147.3950
5/25/2022,34-59,65.3516,-147.6897
5/25/2022,34-61,65.3877,-147.3214
5/25/2022,34-63,65.4118,-147.8221
5/25/2022,34-64,65.3816,-147.4065
5/25/2022,34-65,65.3926,-147.2922
5/25/2022,34-66,65.3827,-147.5734
5/25/2022,34-67,65.3775,-147.4489
5/25/2022,34-68,65.4074,-147.0243
5/25/2022,34-69,65.3785,-147.4556
5/25/2022,34-70,65.3759,-147.4749
5/25/2022,34-72,65.3563,-147.6844
5/25/2022,34-75,65.3486,-147.7011
5/25/2022,34-76,65.3798,-147.7294
5/25/2022,34-78,65.3976,-147.8114
5/25/2022,34-79,65.3759,-147.6900
5/25/2022,34-81,65.5572,-147.6861
5/25/2022,34-83,65.4180,-147.8118
5/25/2022,34-84,65.3958,-147.8077
5/25/2022,34-85,65.8065,-146.6489
5/25/2022,34-86,65.5511,-147.6871
5/25/2022,34-87,65.4566,-147.7166
5/25/2022,34-88,65.4584,-147.7116
5/25/2022,34-89,65.4591,-147.7087
5/25/2022,34-90,65.4171,-147.8145
5/25/2022,34-91,65.7256,-147.4090
5/25/2022,34-92,65.5704,-147.6793
5/25/2022,34-93,65.3897,-147.2882
5/25/2022,34-94,65.5549,-147.6869
5/25/2022,34-95,65.5014,-147.6499
5/25/2022,34-97,65.5075,-147.6543
5/25/2022,34-98,65.5898,-147.6681
5/25/2022,34-99,65.7275,-146.9720
5/25/2022,34-100,65.5365,-147.6667
5/25/2022,34-102,65.5619,-147.6842
5/25/2022,34-103,65.5720,-147.6785
5/25/2022,34-104,65.5047,-147.6520
5/25/2022,34-105,65.5873,-147.6534
5/25/2022,34-106,65.5831,-147.6619
5/25/2022,34-107,65.6017,-147.6590
5/25/2022,34-109,65.6078,-147.6512
5/25/2022,34-110,65.6017,-147.6590
5/25/2022,34-111,65.6491,-147.5832
5/25/2022,34-112,65.6484,-147.5836
5/25/2022,34-113,65.6510,-147.5817
5/25/2022,34-116,65.7247,-147.4023
5/25/2022,34-117,65.6726,-147.5342
5/25/2022,34-119,65.6890,-147.4897
5/25/2022,34-120,65.7048,-147.4648
5/25/2022,34-122,65.7205,-147.3858
5/25/2022,34-124,65.7272,-146.9850
5/25/2022,34-125,65.7356,-146.8712
5/25/2022,34-127,65.7951,-146.6793
5/25/2022,34-128,65.7562,-147.1634
5/25/2022,34-129,65.7292,-147.0480
5/25/2022,34-134,65.7354,-147.0774
5/25/2022,34-135,66.0833,-146.1205
5/25/2022,34-141,65.3921,-147.7727
5/25/2022,34-144,65.4504,-147.7545
5/25/2022,34-146,65.3897,-147.1523
5/25/2022,34-148,65.3702,-147.7266
5/25/2022,34-149,65.3880,-147.7639
5/25/2022,34-150,65.3514,-147.6906
5/25/2022,34-151,65.4513,-147.7330
5/25/2022,34-152,65.3675,-147.7171
5/25/2022,34-154,65.4197,-147.8060
5/25/2022,34-155,65.3923,-147.3031
5/25/2022,34-156,65.3930,-147.2923
5/25/2022,34-158,65.3262,-147.7741
5/25/2022,34-159,65.3781,-147.4601
6/2/2022,34-11,65.4500,-147.7449
6/2/2022,34-13,65.3437,-146.6960
6/2/2022,34-14,65.3627,-147.0372
6/2/2022,34-18,65.3787,-147.4595
6/2/2022,34-22,65.3306,-146.7692
6/2/2022,34-23,65.3347,-146.8422
6/2/2022,34-24,65.3836,-147.5364
6/2/2022,34-27,65.4539,-147.1944
6/2/2022,34-28,65.3779,-147.6243
6/2/2022,34-29,65.7358,-146.9248
6/2/2022,34-30,65.3667,-147.0577
6/2/2022,34-31,65.3794,-147.4371
6/2/2022,34-33,65.3831,-147.5753
6/2/2022,34-34,65.3804,-147.6903
6/2/2022,34-35,65.3829,-147.1159
6/2/2022,34-36,65.3817,-147.3737
6/2/2022,34-37,65.5819,-147.6809
6/2/2022,34-38,65.3940,-147.3012
6/2/2022,34-39,65.3880,-147.2693
6/2/2022,34-40,65.3374,-146.9131
6/2/2022,34-41,65.3361,-146.8895
6/2/2022,34-42,65.3620,-147.3355
6/2/2022,34-43,65.3500,-147.0017
6/2/2022,34-44,65.4021,-147.0392
6/2/2022,34-45,65.3847,-147.3302
6/2/2022,34-46,65.3772,-147.4752
6/2/2022,34-48,65.3862,-147.4015
6/2/2022,34-49,65.3796,-147.6831
6/2/2022,34-50,65.3766,-147.4766
6/2/2022,34-51,65.3825497,-147.1076583
6/2/2022,34-52,65.3823,-147.1028
6/2/2022,34-53,65.3824,-147.1047
6/2/2022,34-54,65.3787,-147.7429
6/2/2022,34-55,65.3783,-147.5253
6/2/2022,34-56,65.3826,-147.1086
6/2/2022,34-57,65.3913,-147.2466
6/2/2022,34-58,65.3943,-147.1910
6/2/2022,34-59,65.3771,-147.6659
6/2/2022,34-61,65.3845,-147.3310
6/2/2022,34-63,65.6220,-147.6254
6/2/2022,34-64,65.3856,-147.4042
6/2/2022,34-65,65.3945,-147.2889
6/2/2022,34-66,65.3779,-147.4435
6/2/2022,34-67,65.3781,-147.4550
6/2/2022,34-68,65.4179,-146.9577
6/2/2022,34-69,65.3776,-147.4484
6/2/2022,34-70,65.3792,-147.4380
6/2/2022,34-71,65.3787,-147.5271
6/2/2022,34-72,65.3499,-147.6967
6/2/2022,34-75,65.3766,-147.7395
6/2/2022,34-76,65.3767,-147.7357
6/2/2022,34-78,65.3988,-147.8114
6/2/2022,34-81,65.4167,-147.8159
6/2/2022,34-83,65.4180,-147.8123
6/2/2022,34-84,65.4135,-147.8202
6/2/2022,34-85,65.8926,-146.4319
6/2/2022,34-86,65.5495,-147.6847
6/2/2022,34-87,65.4553,-147.7209
6/2/2022,34-88,65.4592,-147.7091
6/2/2022,34-89,65.4589,-147.7099
6/2/2022,34-90,65.4168,-147.8159
6/2/2022,34-91,65.7261,-147.4111
6/2/2022,34-92,65.4629,-147.5979
6/2/2022,34-93,65.3902,-147.2842
6/2/2022,34-94,65.7287,-147.2381
6/2/2022,34-95,65.5124,-147.6553
6/2/2022,34-97,65.5054,-147.6496
6/2/2022,34-98u,65.5924,-147.6703
6/2/2022,34-99,65.7301,-147.3137
6/2/2022,34-100,65.5439,-147.6695
6/2/2022,34-102,65.5636,-147.6885
6/2/2022,34-103,65.5631,-147.6888
6/2/2022,34-104,65.5719,-147.6815
6/2/2022,34-105,65.5838,-147.6693
6/2/2022,34-106,65.5831,-147.6705
6/2/2022,34-107,65.5839,-147.6645
6/2/2022,34-109,65.6081,-147.6532
6/2/2022,34-110,65.6084,-147.6527
6/2/2022,34-111,65.6498,-147.5814
6/2/2022,34-112,65.6489,-147.5834
6/2/2022,34-113,65.6492,-147.5827
6/2/2022,34-115,65.6105,-147.6329
6/2/2022,34-116,65.6652,-147.5460
6/2/2022,34-117,65.6669,-147.5412
6/2/2022,34-118,65.6502,-147.5807
6/2/2022,34-119,65.6898,-147.4914
6/2/2022,34-120,65.6925,-147.4820
6/2/2022,34-122,65.7215,-147.4303
6/2/2022,34-124,65.7281,-146.9893
6/2/2022,34-125,65.7293,-147.3433
6/2/2022,34-127,65.7357,-146.9360
6/2/2022,34-128,65.7544,-147.1716
6/2/2022,34-129,65.7588,-147.1244
6/2/2022,34-134,65.7384,-147.0818
6/2/2022,34-135,66.0333,-146.1809
6/2/2022,34-141,65.3915,-147.2894
6/2/2022,34-144,65.4501,-147.7522
6/2/2022,34-146,65.3937,-147.1689
6/2/2022,34-148,65.3529,-147.6928
6/2/2022,34-149,65.3867,-147.2629
6/2/2022,34-150,65.3780,-147.7494
6/2/2022,34-151,65.3964,-147.8269
6/2/2022,34-152,65.3816,-147.4106
6/2/2022,34-154,65.3934,-147.7831
6/2/2022,34-155,65.3876,-147.2793
6/2/2022,34-156,65.3922,-147.2912
6/2/2022,34-158,65.3076,-147.8058
6/2/2022,34-159,65.3777,-147.4522
7/31/2022,34-11,65.4501,-147.7506
7/31/2022,34-13,65.3539,-146.6264
7/31/2022,34-14,65.3505,-146.6417
7/31/2022,34-18,65.3778,-147.4644
7/31/2022,34-21,65.4032,-147.0382
7/31/2022,34-23,65.3339,-146.8357
7/31/2022,34-24,65.3385,-146.9326
7/31/2022,34-26,65.3498,-147.0038
7/31/2022,34-27,65.4712,-147.1936
7/31/2022,34-28,65.3897,-147.1368
7/31/2022,34-29,65.4287,-146.9708
7/31/2022,34-30,65.3340,-146.7434
7/31/2022,34-31,65.3341,-146.8392
7/31/2022,34-35,65.3844,-147.1114
7/31/2022,34-36,65.3662,-147.0561
7/31/2022,34-37,65.3353,-146.8649
7/31/2022,34-38,65.3356,-146.8803
7/31/2022,34-40,65.3372,-146.9152
7/31/2022,34-41,65.3367,-146.9035
7/31/2022,34-42,65.3370,-146.9105
7/31/2022,34-44,65.4030,-147.0392
7/31/2022,34-45,65.3426,-146.9900
7/31/2022,34-46,65.3555,-147.0200
7/31/2022,34-47,65.4035,-147.0371
7/31/2022,34-49,65.4782,-146.5745
7/31/2022,34-51,65.3811,-147.1151
7/31/2022,34-52,65.3827,-147.1052
7/31/2022,34-53,65.3811,-147.1081
7/31/2022,34-54,65.5374,-146.5438
7/31/2022,34-55,65.3969,-147.0753
7/31/2022,34-56,65.4027,-147.0403
7/31/2022,34-57,65.3972,-147.1929
7/31/2022,34-59,65.3936,-147.2957
7/31/2022,34-61,65.3842,-147.3300
7/31/2022,34-63,65.3926,-147.2845
7/31/2022,34-64,65.3811,-147.4182
7/31/2022,34-65,65.3931,-147.2881
7/31/2022,34-66,65.3796,-147.4376
7/31/2022,34-67,65.3774,-147.4491
7/31/2022,34-69,65.4138,-147.2562
7/31/2022,34-70,65.3774,-147.4491
7/31/2022,34-71,65.4059,-147.2669
7/31/2022,34-72,65.3931,-147.2881
7/31/2022,34-75,65.3769,-147.7413
7/31/2022,34-76,65.3803,-147.7266
7/31/2022,34-81,65.4156,-147.8136
7/31/2022,34-83,65.4201,-147.8084
7/31/2022,34-84,65.4502,-147.7480
7/31/2022,34-85,65.4274,-147.7798
7/31/2022,34-86,65.5494,-147.6829
7/31/2022,34-87,65.4563,-147.7169
7/31/2022,34-88,65.4598,-147.7067
7/31/2022,34-89,65.4589,-147.7080
7/31/2022,34-90,65.4152,-147.8141
7/31/2022,34-93,65.3942,-147.2807
7/31/2022,34-94,65.5036,-147.4942
7/31/2022,34-95,65.4669,-147.6889
7/31/2022,34-97u,65.5431,-147.6711
7/31/2022,34-100,65.5414,-147.6692
7/31/2022,34-102,65.5602,-147.6854
7/31/2022,34-103,65.5587,-147.6864
7/31/2022,34-105,65.5834,-147.6676
7/31/2022,34-106,65.5834,-147.6676
7/31/2022,34-107,65.5840,-147.6657
7/31/2022,34-108,65.6556,-147.5628
7/31/2022,34-109,65.6500,-147.5799
7/31/2022,34-110,65.6075,-147.6496
7/31/2022,34-111,65.6516,-147.5773
7/31/2022,34-112,65.6474,-147.5859
7/31/2022,34-113,65.6488,-147.5823
7/31/2022,34-114,65.6981,-147.4725
7/31/2022,34-115,65.6630,-147.5471
7/31/2022,34-116,65.6670,-147.5426
7/31/2022,34-117,65.6661,-147.5436
7/31/2022,34-119,65.6904,-147.4920
7/31/2022,34-120,65.6930,-147.4831
7/31/2022,34-122,65.7213,-147.4334
7/31/2022,34-125,65.7292,-147.3396
7/31/2022,34-126,65.7553,-147.1714
7/31/2022,34-127,65.7384,-147.0789
7/31/2022,34-128,65.7550,-147.1723
7/31/2022,34-129,65.7584,-147.1194
7/31/2022,34-131,65.7590,-147.1214
7/31/2022,34-134,65.7374,-147.0745
7/31/2022,34-135,65.7335,-146.9571
7/31/2022,34-141,65.5357,-146.5747
7/31/2022,34-144,65.4500,-147.7531
7/31/2022,34-146,65.3885,-147.1339
7/31/2022,34-149,65.3969,-147.0753
7/31/2022,34-150,65.3899,-147.1555
7/31/2022,34-151,65.5340,-146.6006
7/31/2022,34-152,65.5412,-146.4959
7/31/2022,34-155,65.5481,-146.7245
7/31/2022,34-156,65.3933,-147.2893
7/31/2022,34-159,65.3773,-147.4561
8/19/2022,34-11,65.4476,-147.7526
8/19/2022,34-14,65.3507,-146.6401
8/19/2022,34-18,65.3781,-147.4659
8/19/2022,34-19,65.4528,-147.1915
8/19/2022,34-24,65.3343,-146.8392
8/19/2022,34-26,65.3502,-147.0023
8/19/2022,34-27,65.4690,-147.1909
8/19/2022,34-29,65.4182,-146.9834
8/19/2022,34-30,65.3325,-146.7514
8/19/2022,34-33,65.3626,-146.7413
8/19/2022,34-34,65.3797,-147.6922
8/19/2022,34-35,65.3825,-147.1203
8/19/2022,34-36,65.3660,-147.0563
8/19/2022,34-37,65.3357,-146.8665
8/19/2022,34-38,65.3363,-146.8794
8/19/2022,34-40,65.3370,-146.9081
8/19/2022,34-41,65.3370,-146.9070
8/19/2022,34-42,65.3373,-146.9172
8/19/2022,34-45,65.3430,-146.9896
8/19/2022,34-46,65.3528,-147.0123
8/19/2022,34-49,65.4753,-146.5826
8/19/2022,34-50,65.3789,-147.4891
8/19/2022,34-51,65.3817,-147.1141
8/19/2022,34-52,65.3818,-147.1082
8/19/2022,34-53,65.3821,-147.1132
8/19/2022,34-54,65.5373,-146.5484
8/19/2022,34-55,65.4022,-147.0392
8/19/2022,34-56,65.3995,-147.0526
8/19/2022,34-57,65.3968,-147.2083
8/19/2022,34-58,65.3925,-147.1729
8/19/2022,34-59,65.3939,-147.2934
8/19/2022,34-61,65.3850,-147.3275
8/19/2022,34-63,65.3958,-147.2883
8/19/2022,34-64,65.3838,-147.4050
8/19/2022,34-65,65.3883,-147.2776
8/19/2022,34-66,65.3786,-147.4535
8/19/2022,34-67,65.3791,-147.4593
8/19/2022,34-69,65.4124,-147.2521
8/19/2022,34-70,65.3783,-147.4648
8/19/2022,34-71,65.4061,-147.2635
8/19/2022,34-72,65.3981,-147.2846
8/19/2022,34-74,65.4219,-147.8023
8/19/2022,34-75,65.3811,-147.7452
8/19/2022,34-76,65.3827,-147.7293
8/19/2022,34-81,65.4158,-147.8178
8/19/2022,34-83u,65.4185,-147.8118
8/19/2022,34-84,65.4481,-147.7503
8/19/2022,34-85,65.4297,-147.7799
8/19/2022,34-86,65.5500,-147.6858
8/19/2022,34-87,65.4552,-147.7189
8/19/2022,34-88,65.4604,-147.7092
8/19/2022,34-89,65.4608,-147.7085
8/19/2022,34-90,65.4158,-147.8178
8/19/2022,34-91,65.4632,-147.6316
8/19/2022,34-93,65.3917,-147.2880
8/19/2022,34-94,65.5091,-147.4920
8/19/2022,34-95,65.4671,-147.6876
8/19/2022,34-97,65.5443,-147.6873
8/19/2022,34-99,65.5395,-147.6709
8/19/2022,34-105,65.5831,-147.6696
8/19/2022,34-106,65.5835,-147.6674
8/19/2022,34-110,65.6086,-147.6444
8/19/2022,34-111,65.6502,-147.5840
8/19/2022,34-112,65.6488,-147.5854
8/19/2022,34-117,65.6655,-147.5454
8/19/2022,34-118,65.6497,-147.5845
8/19/2022,34-124,65.7289,-146.9898
8/19/2022,34-128,65.7584,-147.1509
8/19/2022,34-129,65.7602,-147.1241
8/19/2022,34-141,65.5355,-146.5665
8/19/2022,34-144,65.4486,-147.7480
8/19/2022,34-146,65.3894,-147.1339
8/19/2022,34-149,65.3986,-147.0571
8/19/2022,34-150,65.3905,-147.1554
8/19/2022,34-151,65.5339,-146.6014
8/19/2022,34-152,65.5425,-146.4910
8/19/2022,34-155,65.5348,-146.7285
8/19/2022,34-156,65.3889,-147.2810
10/25/2022,34-11,65.4483,-147.7610
10/25/2022,34-14,65.3936,-147.1749
10/25/2022,34-18,65.3768,-147.4650
10/25/2022,34-21,65.4024,-147.0474
10/25/2022,34-24,65.3369,-146.9022
10/25/2022,34-26,65.3495,-147.0059
10/25/2022,34-27,65.4667,-147.1803
10/25/2022,34-29,65.6929,-147.4801
10/25/2022,34-30,65.3797,-147.4215
10/25/2022,34-33,65.3932,-147.1803
10/25/2022,34-35,65.3837,-147.1228
10/25/2022,34-36,65.3665,-147.0576
10/25/2022,34-37,65.7103,-147.4518
10/25/2022,34-38,65.3362,-146.8837
10/25/2022,34-40,65.3377,-146.9144
10/25/2022,34-41,65.3367,-146.8980
10/25/2022,34-42,65.3379,-146.9194
10/25/2022,34-44,65.4000,-147.0362
10/25/2022,34-45,65.3929,-147.2137
10/25/2022,34-46,65.3899,-147.2313
10/25/2022,34-49,65.4009,-147.0428
10/25/2022,34-50,65.3778,-147.4687
10/25/2022,34-51,65.3825,-147.1146
10/25/2022,34-52,65.3814,-147.1007
10/25/2022,34-53,65.3828,-147.1079
10/25/2022,34-54,65.4639,-146.8896
10/25/2022,34-56,65.3917,-147.1601
10/25/2022,34-57,65.3916,-147.2443
10/25/2022,34-59,65.3940,-147.2939
10/25/2022,34-61,65.3859,-147.3294
10/25/2022,34-63,65.3963,-147.2850
10/25/2022,34-64,65.3851,-147.4003
10/25/2022,34-65,65.3888,-147.2877
10/25/2022,34-66,65.3780,-147.4488
10/25/2022,34-67,65.3760,-147.4591
10/25/2022,34-70,65.3766,-147.4530
10/25/2022,34-71,65.3823,-147.4129
10/25/2022,34-72,65.4681,-147.6825
10/25/2022,34-75,65.3807,-147.7572
10/25/2022,34-76,65.3804,-147.7260
10/25/2022,34-81,65.5446,-147.6674
10/25/2022,34-84,65.4513,-147.7291
10/25/2022,34-85,65.4774,-147.6644
10/25/2022,34-86,65.5488,-147.6861
10/25/2022,34-87,65.5333,-147.6624
10/25/2022,34-88,65.4634,-147.7067
10/25/2022,34-89,65.4587,-147.7091
10/25/2022,34-90,65.4174,-147.8158
10/25/2022,34-91,65.4631,-147.6364
10/25/2022,34-93,65.3895,-147.2896
10/25/2022,34-94,65.4784,-147.6581
10/25/2022,34-95,65.4659,-147.6866
10/25/2022,34-99,65.5402,-147.6696
10/25/2022,34-100,65.5434,-147.6670
10/25/2022,34-103,65.5829,-147.6910
10/25/2022,34-105,65.5826,-147.6756
10/25/2022,34-106,65.6005,-147.6612
10/25/2022,34-107,65.7067,-147.4559
10/25/2022,34-110,65.6692,-147.5376
10/25/2022,34-111,65.6511,-147.5829
10/25/2022,34-112,65.6489,-147.5852
10/25/2022,34-114,65.7387,-146.8556
10/25/2022,34-115,65.6839,-147.5016
10/25/2022,34-116,65.6820,-147.5027
10/25/2022,34-117,65.6644,-147.5469
10/25/2022,34-119,65.6908,-147.4887
10/25/2022,34-120,65.6936,-147.4788
10/25/2022,34-122u,65.7197,-147.4338
10/25/2022,34-124,65.7283,-146.9858
10/25/2022,34-125,65.7286,-147.3227
10/25/2022,34-128,65.7554,-147.1706
10/25/2022,34-129,65.7346,-147.0633
10/25/2022,34-131,65.9970,-146.2434
10/25/2022,34-133,65.7587,-146.8026
10/25/2022,34-134,65.7388,-147.0816
10/25/2022,34-141,65.4384,-146.9653
10/25/2022,34-144,65.4494,-147.7585
10/25/2022,34-146,65.3897,-147.1403
10/25/2022,34-149,65.3961,-147.0554
10/25/2022,34-150,65.3915,-147.1589
10/25/2022,34-151,65.4561,-146.9304
10/25/2022,34-155,65.4546,-146.9421
10/25/2022,34-156,65.3951,-147.2904
10/25/2022,34-159,65.3794,-147.4419
3/16/2023,34-14,65.3963,-147.2117
3/16/2023,34-18,65.3757,-147.4698
3/16/2023,34-19,65.3813,-147.6219
3/16/2023,34-23,65.3318,-146.8328
3/16/2023,34-24,65.3922,-147.1398
3/16/2023,34-26,65.3520,-146.9995
3/16/2023,34-33,65.3920,-147.3200
3/16/2023,34-34,65.3797,-147.6869
3/16/2023,34-35,65.3819,-147.1154
3/16/2023,34-40,65.3971,-147.2020
3/16/2023,34-44,65.4017,-147.0400
3/16/2023,34-46,65.3874,-147.2649
3/16/2023,34-50,65.3754,-147.4672
3/16/2023,34-51,65.3826,-147.1191
3/16/2023,34-52,65.3977,-147.2174
3/16/2023,34-53,65.3809,-147.1093
3/16/2023,34-54,65.3965,-147.2091
3/16/2023,34-56,65.3991,-147.1971
3/16/2023,34-57,65.3859,-147.4009
3/16/2023,34-61,65.3776,-147.3432
3/16/2023,34-63,65.3949,-147.2910
3/16/2023,34-64,65.3856,-147.4024
3/16/2023,34-70,65.3781,-147.4522
3/16/2023,34-73u,65.7313,-147.3138
3/16/2023,34-76,65.3805,-147.7334
3/16/2023,34-87,65.5215,-147.6665
3/16/2023,34-88,65.4620,-147.7000
3/16/2023,34-89,65.4585,-147.7078
3/16/2023,34-90,65.4180,-147.8147
3/16/2023,34-94,65.4825,-147.6464
3/16/2023,34-99,65.5404,-147.6734
3/16/2023,34-117,65.6894,-147.4934
3/16/2023,34-120,65.6946,-147.4839
3/16/2023,34-124,65.7289,-146.9823
3/16/2023,34-144,65.4524,-147.7557
3/16/2023,34-146,65.3916,-147.1368
3/16/2023,34-149,65.3977,-147.0621
3/16/2023,34-150,65.3937,-147.1564
3/16/2023,34-151,65.3828,-147.3870
3/16/2023,34-152,65.3860,-147.3955
3/16/2023,34-155,65.3961,-147.2135
3/16/2023,34-156,65.3942,-147.2960
5/9/2023,34-28,65.3847,-147.1036
5/9/2023,34-34,65.3814,-147.6896
5/9/2023,34-50,65.3793,-147.4805
5/9/2023,34-53,65.3837,-147.1002
5/9/2023,34-58,65.3909,-147.1666
5/9/2023,34-63,65.3920,-147.2833
5/9/2023,34-64,65.3845,-147.4035
5/9/2023,34-70,65.3797,-147.4453
5/9/2023,34-79,65.3771,-147.6911
5/9/2023,34-156,65.3948,-147.2926
5/18/2023,34-11,65.4507,-147.7527
5/18/2023,34-14,65.3947,-147.3015
5/18/2023,34-18,65.3776,-147.4695
5/18/2023,34-23,65.3343,-146.8417
5/18/2023,34-24,65.3893,-147.1392
5/18/2023,34-26,65.3485,-147.0027
5/18/2023,34-29,65.6869,-147.4952
5/18/2023,34-33,65.3951,-147.2011
5/18/2023,34-35,65.3828,-147.1124
5/18/2023,34-36,65.3667,-147.0583
5/18/2023,34-37,65.7057,-147.4618
5/18/2023,34-38,65.3751,-147.6574
5/18/2023,34-40,65.3673,-147.0653
5/18/2023,34-41,65.3372,-146.9012
5/18/2023,34-42,65.3944,-147.3036
5/18/2023,34-45,65.3930,-147.2186
5/18/2023,34-46,65.3844,-147.3628
5/18/2023,34-49,65.3676,-147.7177
5/18/2023,34-51,65.3828,-147.1109
5/18/2023,34-52,65.3827,-147.1080
5/18/2023,34-53,65.3843,-147.1016
5/18/2023,34-54,65.3851,-147.7648
5/18/2023,34-56,65.3919,-147.1695
5/18/2023,34-57u,65.3921,-147.2896
5/18/2023,34-61,65.3842,-147.3319
5/18/2023,34-64,65.3832,-147.4028
5/18/2023,34-65,65.3907,-147.2884
5/18/2023,34-66,65.3792,-147.4456
5/18/2023,34-67,65.3772,-147.4493
5/18/2023,34-70,65.3789,-147.4460
5/18/2023,34-71,65.3808,-147.4252
5/18/2023,34-72,65.4273,-147.7836
5/18/2023,34-75,65.3790,-147.7400
5/18/2023,34-76,65.3800,-147.7209
5/18/2023,34-81,65.5611,-147.6866
5/18/2023,34-84,65.4554,-147.7199
5/18/2023,34-85,65.6692,-147.5376
5/18/2023,34-86,65.5492,-147.6849
5/18/2023,34-88,65.4613,-147.7057
5/18/2023,34-89,65.4582,-147.7122
5/18/2023,34-90,65.4216,-147.8015
5/18/2023,34-94,65.5527,-147.6875
5/18/2023,34-95,65.4704,-147.6736
5/18/2023,34-98,65.5883,-147.6617
5/18/2023,34-100,65.5426,-147.6679
5/18/2023,34-103,65.5815,-147.6922
5/18/2023,34-105,65.5955,-147.6584
5/18/2023,34-106,65.5826,-147.6733
5/18/2023,34-107,65.7024,-147.4652
5/18/2023,34-108,65.6573,-147.5550
5/18/2023,34-110,65.6592,-147.5507
5/18/2023,34-111,65.6205,-147.6260
5/18/2023,34-113,65.6471,-147.5888
5/18/2023,34-114,65.8507,-146.5275
5/18/2023,34-115,65.6856,-147.4976
5/18/2023,34-116,65.6810,-147.5027
5/18/2023,34-117,65.6888,-147.4914
5/18/2023,34-118,65.6511,-147.5836
5/18/2023,34-119,65.6903,-147.4876
5/18/2023,34-120,65.6934,-147.4801
5/18/2023,34-124,65.7252,-146.9661
5/18/2023,34-125,65.7351,-146.9233
5/18/2023,34-126,66.2368,-146.0702
5/18/2023,34-129,65.7346,-146.9355
5/18/2023,34-133,65.7733,-146.7585
5/18/2023,34-134,65.7294,-146.9883
5/18/2023,34-135,66.0263,-146.1909
5/18/2023,34-141,65.4094,-147.8262
5/18/2023,34-144,65.4507,-147.7512
5/18/2023,34-146,65.3886,-147.1351
5/18/2023,34-150,65.3908,-147.1607
5/18/2023,34-151,65.4194,-147.8096
5/18/2023,34-152,65.3801,-147.4421
5/18/2023,34-155,65.3828,-147.3466
5/18/2023,34-156,65.3885,-147.2844
5/18/2023,34-159,65.3771,-147.4557
5/24/2023,34-11,65.4511,-147.7488
5/24/2023,34-14,65.3822,-147.1065
5/24/2023,34-18,65.3782,-147.4623
5/24/2023,34-19,65.6903,-147.4901
5/24/2023,34-21,65.4006,-147.0440
5/24/2023,34-24,65.3900,-147.1383
5/24/2023,34-26,65.3498,-147.0040
5/24/2023,34-29,65.7332,-146.9278
5/24/2023,34-33,65.3392,-146.9362
5/24/2023,34-35,65.3829,-147.1128
5/24/2023,34-36,65.3674,-147.0604
5/24/2023,34-37,65.6873,-147.4964
5/24/2023,34-38,65.3824,-147.5877
5/24/2023,34-40,65.3403,-146.9852
5/24/2023,34-41,65.3369,-146.9021
5/24/2023,34-44,65.4018,-147.0431
5/24/2023,34-45,65.3919,-147.2231
5/24/2023,34-46,65.3504,-147.6939
5/24/2023,34-47,65.3539,-147.6827
5/24/2023,34-50,65.3773,-147.4759
5/24/2023,34-51,65.3823,-147.1147
5/24/2023,34-52,65.3818,-147.1041
5/24/2023,34-53,65.3823,-147.1055
5/24/2023,34-54,65.3516,-147.6864
5/24/2023,34-55,65.4023,-147.0412
5/24/2023,34-56,65.3824,-147.1090
5/24/2023,34-57,65.3900,-147.2371
5/24/2023,34-61,65.3892,-147.3233
5/24/2023,34-64,65.3825,-147.4047
5/24/2023,34-65,65.3935,-147.2961
5/24/2023,34-66,65.3792,-147.4431
5/24/2023,34-67,65.3774,-147.4551
5/24/2023,34-70,65.3785,-147.4465
5/24/2023,34-71,65.3504,-147.6946
5/24/2023,34-72,65.3459,-147.7138
5/24/2023,34-75,65.3046,-147.8077
5/24/2023,34-76,65.3797,-147.7276
5/24/2023,34-81,65.5637,-147.6854
5/24/2023,34-84,65.3972,-147.8065
5/24/2023,34-85,65.8913,-146.4072
5/24/2023,34-86,65.5496,-147.6846
5/24/2023,34-88,65.4622,-147.7076
5/24/2023,34-89,65.4611,-147.7095
5/24/2023,34-90,65.4220,-147.7990
5/24/2023,34-94,65.5515,-147.6891
5/24/2023,34-95,65.4722,-147.6706
5/24/2023,34-98,65.5927,-147.6601
5/24/2023,34-99,65.5402,-147.6710
5/24/2023,34-100,65.5454,-147.6697
5/24/2023,34-101u,65.9743,-146.3696
5/24/2023,34-103,65.5649,-147.6850
5/24/2023,34-105,65.5985,-147.6581
5/24/2023,34-106,65.5849,-147.6706
5/24/2023,34-107,65.7053,-147.4605
5/24/2023,34-110,65.6082,-147.6497
5/24/2023,34-111,65.6510,-147.5822
5/24/2023,34-113,65.6493,-147.5847
5/24/2023,34-114,65.8585,-146.4827
5/24/2023,34-115,65.6839,-147.5000
5/24/2023,34-116,65.6814,-147.5026
5/24/2023,34-117,65.6714,-147.5372
5/24/2023,34-119,65.6924,-147.4851
5/24/2023,34-120,65.6941,-147.4811
5/24/2023,34-124,65.7276,-146.9785
5/24/2023,34-125,65.7347,-146.8653
5/24/2023,34-129,65.7283,-146.9657
5/24/2023,34-133,65.7720,-146.7578
5/24/2023,34-134,65.7397,-147.0802
5/24/2023,34-135,66.0104,-146.2259
5/24/2023,34-141,65.3507,-147.6910
5/24/2023,34-144,65.4509,-147.7536
5/24/2023,34-146,65.3890,-147.1354
5/24/2023,34-149,65.3998,-147.0581
5/24/2023,34-150,65.3906,-147.1599
5/24/2023,34-151,65.5055,-147.6503
5/24/2023,34-152,65.3822,-147.3760
5/24/2023,34-155,65.3783,-147.4307
5/24/2023,34-156,65.3939,-147.2975
5/24/2023,34-159,65.3774,-147.4559
6/26/2023,34-11,65.4467,-147.7576
6/26/2023,34-14,65.3799,-147.1125
6/26/2023,34-18,65.3763,-147.4646
6/26/2023,34-21,65.3910,-147.1558
6/26/2023,34-24,65.3911,-147.1370
6/26/2023,34-26,65.3504,-147.0070
6/26/2023,34-29,65.3890,-147.1499
6/26/2023,34-35,65.3836,-147.1201
6/26/2023,34-37,65.3881,-147.2810
6/26/2023,34-38,65.3330,-146.8817
6/26/2023,34-40,65.3348,-146.9101
6/26/2023,34-41,65.3344,-146.9043
6/26/2023,34-42,65.3351,-146.9167
6/26/2023,34-44,65.4034,-147.0389
6/26/2023,34-45,65.3934,-147.2173
6/26/2023,34-46,65.3549,-147.0192
6/26/2023,34-49,65.4816,-146.5692
6/26/2023,34-50,65.3762,-147.4734
6/26/2023,34-51,65.3793,-147.1103
6/26/2023,34-52,65.3823,-147.1119
6/26/2023,34-54,65.5358,-146.7267
6/26/2023,34-56,65.3975,-147.0621
6/26/2023,34-58,65.3948,-147.2117
6/26/2023,34-61,65.3845,-147.3304
6/26/2023,34-64,65.3830,-147.4040
6/26/2023,34-65,65.3895,-147.2864
6/26/2023,34-66,65.3809,-147.4404
6/26/2023,34-67,65.3753,-147.4527
6/26/2023,34-70,65.3763,-147.4473
6/26/2023,34-72,65.3774,-147.6372
6/26/2023,34-75,65.3778,-147.7408
6/26/2023,34-76,65.3784,-147.7286
6/26/2023,34-81,65.4183,-147.8127
6/26/2023,34-84,65.4517,-147.7501
6/26/2023,34-85,65.4294,-147.7812
6/26/2023,34-86,65.5521,-147.6816
6/26/2023,34-88,65.4594,-147.7077
6/26/2023,34-89,65.4594,-147.7077
6/26/2023,34-90,65.4245,-147.7974
6/26/2023,34-91,65.4625,-147.6299
6/26/2023,34-94,65.5081,-147.4888
6/26/2023,34-95,65.4719,-147.6696
6/26/2023,34-99,65.5407,-147.6710
6/26/2023,34-101,65.5503,-147.6772
6/26/2023,34-105,65.5838,-147.6711
6/26/2023,34-106,65.5858,-147.6659
6/26/2023,34-110,65.6076,-147.6450
6/26/2023,34-111,65.6504,-147.5794
6/26/2023,34-117,65.6662,-147.5425
6/26/2023,34-118,65.6509,-147.5783
6/26/2023,34-120,65.6938,-147.4838
6/26/2023,34-124,65.7295,-146.9887
6/26/2023,34-125,65.7296,-147.3420
6/26/2023,34-134,65.7388,-147.0773
6/26/2023,34-135,66.0147,-146.2076
6/26/2023,34-141,65.5361,-146.6303
6/26/2023,34-144,65.4495,-147.7519
6/26/2023,34-146,65.3891,-147.1416
6/26/2023,34-149,65.3975,-147.0629
6/26/2023,34-150,65.3873,-147.1565
6/26/2023,34-151,65.5345,-146.6054
6/26/2023,34-155,65.4254,-146.9784
6/26/2023,34-159,65.3758,-147.4616
